<configuration scan="true" scanPeriod=" 5 seconds">
	<jmxConfigurator />
	<appender name="STDOUT" class="ch.qos.logback.core.ConsoleAppender">
		<encoder>
			<pattern>%d{yyyy-MM-dd HH:mm:ss.SSS} [%thread] %-5level %logger{56} - %msg%n
			</pattern>
		</encoder>
	</appender>
	
	<appender name="CANAL-ROOT" class="ch.qos.logback.classic.sift.SiftingAppender">
		<discriminator>
			<Key>destination</Key>
			<DefaultValue>canal</DefaultValue>
		</discriminator>
		<sift>
			<appender name="FILE-${destination}" class="ch.qos.logback.core.rolling.RollingFileAppender">
				<File>../logs/${destination}/${destination}.log</File>
				<rollingPolicy
					class="ch.qos.logback.core.rolling.TimeBasedRollingPolicy">
					<!-- rollover daily -->
					<fileNamePattern>../logs/${destination}/%d{yyyy-MM-dd}/${destination}-%d{yyyy-MM-dd}-%i.log.gz</fileNamePattern>
					<timeBasedFileNamingAndTriggeringPolicy class="ch.qos.logback.core.rolling.SizeAndTimeBasedFNATP">
						<!-- or whenever the file size reaches 100MB -->
						<maxFileSize>512MB</maxFileSize>
					</timeBasedFileNamingAndTriggeringPolicy>
					<maxHistory>60</maxHistory>
				</rollingPolicy>
				<encoder>
					<pattern>
						%d{yyyy-MM-dd HH:mm:ss.SSS} [%thread] %-5level %logger{56} - %msg%n
					</pattern>
				</encoder>
			</appender>
		</sift>
	</appender>
	
	<appender name="ENTRY_LOG" class="ch.qos.logback.classic.sift.SiftingAppender">
		<discriminator>
			<Key>destination</Key>
			<DefaultValue>canal</DefaultValue>
		</discriminator>
		<sift>
			<appender name="ENTRY_LOG_${destination}"
				class="ch.qos.logback.core.rolling.RollingFileAppender">
				<File>../logs/${destination}/entry.log</File>
				<rollingPolicy
					class="ch.qos.logback.core.rolling.TimeBasedRollingPolicy">
					<!-- rollover daily -->
					<fileNamePattern>../logs/${destination}/%d{yyyy-MM-dd}/entry-%d{yyyy-MM-dd}-%i.log.gz</fileNamePattern>
					<timeBasedFileNamingAndTriggeringPolicy class="ch.qos.logback.core.rolling.SizeAndTimeBasedFNATP">
						<maxFileSize>512MB</maxFileSize>
					</timeBasedFileNamingAndTriggeringPolicy>
					<maxHistory>60</maxHistory>
				</rollingPolicy>
				<encoder>
					<pattern>%msg</pattern>
				</encoder>
			</appender>
		</sift>
	</appender>
	
	<logger name="com.alibaba.otter.canal.example.AbstractCanalClientTest" additivity="false">  
        <level value="DEBUG" />  
        <appender-ref ref="ENTRY_LOG" />
    </logger>
	
	<root level="DEBUG">
		<!--  
		<appender-ref ref="STDOUT"/>
		-->
		<appender-ref ref="CANAL-ROOT" />
	</root>
</configuration>